Workbook

Sheet Assumptions
A1: Assumption | B1: Value | C1: Unit | D1: Source / Notes
A2: Costing date | B2: 2026-07-05 | C2: date | D2: Workbook generated from downloaded official references and current public web price snippets.
A3: Production quantity | B3: 10000 | C3: units | D3: User selected 1万台量产.
A4: FX USD to CNY | B4: 7.25 | C4: CNY/USD | D4: Editable input. Public LCSC/JLCPCB snippets are USD; domestic quote sheet should replace with CNY RFQ where possible.
A5: Yield / scrap adder | B5: 0.03 | C5: % | D5: Editable input applied in Summary after subtotal.
A6: Pricing precision target | B6: Decision estimate | C6: text | D6: Not production PO-ready until all RFQ/low-confidence rows are replaced by supplier quotes.

Sheet StickS3
A1: Line | B1: Category | C1: RefDes / Group | D1: QtyPerUnit | E1: Part / MPN | F1: Spec | G1: Package | H1: Supplier / Source | I1: MOQ | J1: UnitPriceNative | K1: Currency | L1: FX_to_CNY | M1: UnitPriceCNY | N1: ExtCNYPerUnit | O1: TotalCNY@10k | P1: SourceURL | Q1: Confidence | R1: PricingStatus | S1: Notes
A2: S3-001 | B2: Main controller | C2: U2 | D2: 1 | E2: ESP32-S3-PICO-1-N8R8 | F2: ESP32-S3 SiP, 8MB Flash + 8MB PSRAM, Wi-Fi/BLE | G2: LGA56 7x7 | H2: RFQ / Espressif channel | I2: 10000 | J2: 5.2 | K2: USD | L2: 7.25 | M2: =J2*L2 -> 37.7 | N2: =D2*M2 -> 37.7 | O2: =N2*Assumptions!$B$3 -> 377000 | P2: https://documentation.espressif.com/esp32-s3-pico-1_datasheet_en.pdf | Q2: low | R2: RFQ estimate | S2: JLCPCB page found but showed unavailable and implausible placeholder pricing; use authorized distributor/RFQ before committing.
A3: S3-002 | B3: Display | C3: LCD module | D3: 1 | E3: 1.14 inch 135x240 ST7789 TFT | F3: IPS TFT, SPI, 135x240, ST7789-compatible | G3: Custom FPC module | H3: Made-in-China comparable quote | I3: 10000 | J3: 1 | K3: USD | L3: 7.25 | M3: =J3*L3 -> 7.25 | N3: =D3*M3 -> 7.25 | O3: =N3*Assumptions!$B$3 -> 72500 | P3: https://m.made-in-china.com/product/1-14-Inch-135X240-Spi-Interface-St7789-Driver-Color-Display-TFT-Screen-HD-IPS-LCD-Module-2052472795.html | Q3: medium | R3: Public comparable | S3: Comparable 10k+ quote, not exact M5Stack LCD supplier.
A4: S3-003 | B4: Audio codec | C4: ES8311 | D4: 1 | E4: ES8311 | F4: Low-power mono audio codec | G4: QFN-20-EP 3x3 | H4: LCSC / JLCPCB C962342 | I4: 1 | J4: 0.2741 | K4: USD | L4: 7.25 | M4: =J4*L4 -> 1.987225 | N4: =D4*M4 -> 1.987225 | O4: =N4*Assumptions!$B$3 -> 19872.25 | P4: https://www.lcsc.com/product-detail/Signal-Switches-Encoders-Decoders-Multiplexers_Everest-semi-Everest-Semiconductor-ES8311_C962342.html | Q4: high | R4: Public price | S4: LCSC snippet price from $0.2741; verify 10k quote.
A5: S3-004 | B5: Microphone | C5: MIC | D5: 1 | E5: MEMS microphone equivalent | F5: SNR 65 dB per official StickS3 spec | G5: MEMS | H5: RFQ | I5: 10000 | J5: 1.5 | K5: CNY | L5: 1 | M5: =J5*L5 -> 1.5 | N5: =D5*M5 -> 1.5 | O5: =N5*Assumptions!$B$3 -> 15000 | P5: hardware-reference-downloads/StickS3/official-product-page.pdf | Q5: low | R5: RFQ estimate | S5: Official page gives SNR but not microphone MPN.
A6: S3-005 | B6: Speaker amplifier | C6: U19 | D6: 1 | E6: AW8737SCSR / AW8737 family | F6: Class-K audio amplifier | G6: CSP-14 / FCQFN variant | H6: LCSC comparable | I6: 1 | J6: 0.1454 | K6: USD | L6: 7.25 | M6: =J6*L6 -> 1.05415 | N6: =D6*M6 -> 1.05415 | O6: =N6*Assumptions!$B$3 -> 10541.5 | P6: https://www.lcsc.com/product-detail/C252446.html | Q6: medium | R6: Public comparable | S6: Schematic label AW8737; exact suffix/package should be confirmed from PCB/BOM.
A7: S3-006 | B7: Speaker | C7: SPK | D7: 1 | E7: 2011 cavity speaker | F7: 8 ohm, 1 W | G7: 2011 speaker | H7: Domestic RFQ | I7: 10000 | J7: 0.8 | K7: CNY | L7: 1 | M7: =J7*L7 -> 0.8 | N7: =D7*M7 -> 0.8 | O7: =N7*Assumptions!$B$3 -> 8000 | P7: hardware-reference-downloads/StickS3/official-product-page.pdf | Q7: low | R7: RFQ estimate | S7: Exact acoustic supplier not public.
A8: S3-007 | B8: IMU | C8: BMI270 | D8: 1 | E8: BMI270 | F8: 6-axis IMU, I2C 0x68 | G8: LGA-14 | H8: LCSC C2836813 | I8: 5000 | J8: 1.7866 | K8: USD | L8: 7.25 | M8: =J8*L8 -> 12.95285 | N8: =D8*M8 -> 12.95285 | O8: =N8*Assumptions!$B$3 -> 129528.5 | P8: https://www.lcsc.com/product-detail/C2836813.html | Q8: high | R8: Public price | S8: LCSC 1000+ price shown; 10k should be quoted.
A9: S3-008 | B9: PMIC | C9: PMIC / PY32L020F15U6 | D9: 1 | E9: M5PM1 / PY32L020F15U6 | F9: M5Stack PMIC and power sequencer | G9: MCU/PMIC custom | H9: M5Stack / RFQ | I9: 10000 | J9: 4.5 | K9: CNY | L9: 1 | M9: =J9*L9 -> 4.5 | N9: =D9*M9 -> 4.5 | O9: =N9*Assumptions!$B$3 -> 45000 | P9: hardware-reference-downloads/StickS3/datasheet-M5PM1.pdf | Q9: low | R9: RFQ estimate | S9: M5PM1 appears M5Stack-specific; exact sourcing requires RFQ.
A10: S3-009 | B10: Battery | C10: BAT | D10: 1 | E10: LiPo 250mAh pack | F10: 3.7V 250mAh with protection/lead | G10: Pouch cell pack | H10: Alibaba/Made-in-China comparable | I10: 10000 | J10: 1 | K10: USD | L10: 7.25 | M10: =J10*L10 -> 7.25 | N10: =D10*M10 -> 7.25 | O10: =N10*Assumptions!$B$3 -> 72500 | P10: https://www.alibaba.com/product-detail/Small-lipo-602025-3-7V-250mAh_1600827095715.html | Q10: medium | R10: Public comparable | S10: Connector/protection/UN38.3 requirements can materially change price.
A11: S3-010 | B11: USB / connectors | C11: USBC | D11: 1 | E11: USB Type-C receptacle | F11: Power/programming connector | G11: SMD Type-C | H11: Domestic RFQ | I11: 10000 | J11: 0.35 | K11: CNY | L11: 1 | M11: =J11*L11 -> 0.35 | N11: =D11*M11 -> 0.35 | O11: =N11*Assumptions!$B$3 -> 3500 | P11: hardware-reference-downloads/StickS3/schematic-K150_Stick_S3_PRJ_V0.6.pdf | Q11: medium | R11: Estimate | S11: Exact connector MPN not extracted from public schematic text.
A12: S3-011 | B12: Buttons | C12: KEY1, KEY2, PWR | D12: 3 | E12: Tact switch / side buttons | F12: Programmable buttons and power key | G12: SMD tact | H12: Domestic RFQ | I12: 10000 | J12: 0.12 | K12: CNY | L12: 1 | M12: =J12*L12 -> 0.12 | N12: =D12*M12 -> 0.36 | O12: =N12*Assumptions!$B$3 -> 3600 | P12: hardware-reference-downloads/StickS3/schematic-K150_Stick_S3_PRJ_V0.6.pdf | Q12: medium | R12: Estimate | S12: Qty from official functions and schematic overview.
A13: S3-012 | B13: IR | C13: IR_TX, IR_RX | D13: 2 | E13: IR LED / IR receiver | F13: Infrared transmit and receive | G13: SMD | H13: Domestic RFQ | I13: 10000 | J13: 0.18 | K13: CNY | L13: 1 | M13: =J13*L13 -> 0.18 | N13: =D13*M13 -> 0.36 | O13: =N13*Assumptions!$B$3 -> 3600 | P13: hardware-reference-downloads/StickS3/official-product-page.pdf | Q13: low | R13: Estimate | S13: Not used by VibeStick firmware but present on stock design.
... A21: S3-020 | B21: Packaging | C21: Retail/basic packaging | D21: 1 | E21: Packaging set | F21: Box/bag/manual/label | G21: Packaging | H21: Domestic RFQ | I21: 10000 | J21: 1 | K21: CNY | L21: 1 | M21: =J21*L21 -> 1 | N21: =D21*M21 -> 1 | O21: =N21*Assumptions!$B$3 -> 10000 | P21: hardware-reference-downloads/StickS3/official-product-page.pdf | Q21: low | R21: Estimate | S21: Adjust to actual packaging standard.

Sheet M5StickC-Plus
A1: Line | B1: Category | C1: RefDes / Group | D1: QtyPerUnit | E1: Part / MPN | F1: Spec | G1: Package | H1: Supplier / Source | I1: MOQ | J1: UnitPriceNative | K1: Currency | L1: FX_to_CNY | M1: UnitPriceCNY | N1: ExtCNYPerUnit | O1: TotalCNY@10k | P1: SourceURL | Q1: Confidence | R1: PricingStatus | S1: Notes
A2: CPLUS-001 | B2: Main controller | C2: U7 / ESP32 | D2: 1 | E2: ESP32-PICO-D4 | F2: ESP32 SiP, Wi-Fi/BLE, integrated 4MB Flash | G2: LGA 7x7 | H2: LCSC C193707 | I2: 1 | J2: 2.8935 | K2: USD | L2: 7.25 | M2: =J2*L2 -> 20.977875 | N2: =D2*M2 -> 20.977875 | O2: =N2*Assumptions!$B$3 -> 209778.75 | P2: https://www.lcsc.com/product-detail/C193707.html | Q2: high | R2: Public price | S2: LCSC snippet price from $2.8935; verify 10k quote.
A3: CPLUS-002 | B3: Display | C3: LCD | D3: 1 | E3: 1.14 inch 135x240 ST7789 TFT | F3: IPS TFT, SPI, 135x240, ST7789-compatible | G3: Custom FPC module | H3: Made-in-China comparable quote | I3: 10000 | J3: 1 | K3: USD | L3: 7.25 | M3: =J3*L3 -> 7.25 | N3: =D3*M3 -> 7.25 | O3: =N3*Assumptions!$B$3 -> 72500 | P3: https://m.made-in-china.com/product/1-14-Inch-135X240-Spi-Interface-St7789-Driver-Color-Display-TFT-Screen-HD-IPS-LCD-Module-2052472795.html | Q3: medium | R3: Public comparable | S3: Comparable 10k+ quote, not exact M5Stack LCD supplier.
A4: CPLUS-003 | B4: Microphone | C4: MIC | D4: 1 | E4: SPM1423HM4H-B / SPM1423HM4H.B | F4: Digital PDM MEMS microphone | G4: MEMS LGA | H4: JLCPCB C19730130 | I4: 1 | J4: 2.0373 | K4: USD | L4: 7.25 | M4: =J4*L4 -> 14.770425 | N4: =D4*M4 -> 14.770425 | O4: =N4*Assumptions!$B$3 -> 147704.25 | P4: https://jlcpcb.com/partdetail/Knowles-SPM1423HM4HB/C19730130 | Q4: medium | R4: Public price | S4: JLCPCB estimated unit price; part may be EOL/availability-sensitive.
A5: CPLUS-004 | B5: Speaker / buzzer | C5: BUZZER / SPK | D5: 1 | E5: Passive buzzer | F5: GPIO2 tone output | G5: SMD buzzer | H5: Domestic RFQ | I5: 10000 | J5: 0.5 | K5: CNY | L5: 1 | M5: =J5*L5 -> 0.5 | N5: =D5*M5 -> 0.5 | O5: =N5*Assumptions!$B$3 -> 5000 | P5: hardware-reference-downloads/M5StickC-Plus/official-product-page.pdf | Q5: low | R5: RFQ estimate | S5: Exact buzzer MPN not public.
A6: CPLUS-005 | B6: IMU | C6: MPU6886 | D6: 1 | E6: MPU6886 | F6: 6-axis IMU, I2C 0x68 | G6: QFN | H6: RFQ / comparable | I6: 10000 | J6: 10 | K6: CNY | L6: 1 | M6: =J6*L6 -> 10 | N6: =D6*M6 -> 10 | O6: =N6*Assumptions!$B$3 -> 100000 | P6: hardware-reference-downloads/M5StickC-Plus/datasheet-MPU6886.pdf | Q6: low | R6: RFQ estimate | S6: Public chip pricing not readily available; M5Stack module price is not chip price.
A7: CPLUS-006 | B7: RTC | C7: BM8563 | D7: 1 | E7: BM8563ESA / BM8563EMA | F7: I2C RTC | G7: SOP/MSOP-8 | H7: LCSC C269877/C269878 | I7: 4000 | J7: 0.1176 | K7: USD | L7: 7.25 | M7: =J7*L7 -> 0.8526 | N7: =D7*M7 -> 0.8526 | O7: =N7*Assumptions!$B$3 -> 8526 | P7: https://www.lcsc.com/product-detail/C269877.html | Q7: high | R7: Public price | S7: LCSC 1000+ price shown.
A8: CPLUS-007 | B8: PMIC | C8: U2 | D8: 1 | E8: AXP192 | F8: Power management and battery charging | G8: QFN | H8: RFQ | I8: 10000 | J8: 3.5 | K8: CNY | L8: 1 | M8: =J8*L8 -> 3.5 | N8: =D8*M8 -> 3.5 | O8: =N8*Assumptions!$B$3 -> 35000 | P8: hardware-reference-downloads/M5StickC-Plus/datasheet-AXP192.pdf | Q8: low | R8: RFQ estimate | S8: AXP192 public current pricing not found in quick search; verify supply continuity.
A9: CPLUS-008 | B9: Battery | C9: BAT | D9: 1 | E9: LiPo 120mAh pack | F9: 3.7V 120mAh with protection/lead | G9: Pouch cell pack | H9: Made-in-China comparable/RFQ | I9: 10000 | J9: 4 | K9: CNY | L9: 1 | M9: =J9*L9 -> 4 | N9: =D9*M9 -> 4 | O9: =N9*Assumptions!$B$3 -> 40000 | P9: https://m.made-in-china.com/product/Pouch-Cells-302030-Lithium-Ion-Polymer-Battery-3-7V-120mAh-for-Digital-Products-883443725.html | Q9: medium | R9: Public comparable | S9: Connector/protection/certification needs confirmation.
A10: CPLUS-009 | B10: USB / serial | C10: USB-C + serial bridge | D10: 1 | E10: USB-C and FTDI-class bridge path | F10: Power/programming connector and USB-UART path | G10: Connector + IC | H10: Domestic RFQ | I10: 10000 | J10: 4.5 | K10: CNY | L10: 1 | M10: =J10*L10 -> 4.5 | N10: =D10*M10 -> 4.5 | O10: =N10*Assumptions!$B$3 -> 45000 | P10: hardware-reference-downloads/M5StickC-Plus/official-product-page.pdf | Q10: low | R10: RFQ estimate | S10: Docs mention FTDI driver; exact bridge chip must be confirmed from schematic/PCB.
A11: CPLUS-010 | B11: Buttons | C11: BtnA, BtnB, PWR | D11: 3 | E11: Tact switch / side buttons | F11: Button A, Button B, power key | G11: SMD tact | H11: Domestic RFQ | I11: 10000 | J11: 0.12 | K11: CNY | L11: 1 | M11: =J11*L11 -> 0.12 | N11: =D11*M11 -> 0.36 | O11: =N11*Assumptions!$B$3 -> 3600 | P11: hardware-reference-downloads/M5StickC-Plus/schematic-k016-p-StickC-Plus.pdf | Q11: medium | R11: Estimate | S11: Qty from official docs and schematic.
A12: CPLUS-011 | B12: LED / IR | C12: RED LED + IR TX | D12: 2 | E12: Indicator LED and IR transmitter | F12: GPIO10 LED, GPIO9 IR | G12: SMD | H12: Domestic RFQ | I12: 10000 | J12: 0.12 | K12: CNY | L12: 1 | M12: =J12*L12 -> 0.12 | N12: =D12*M12 -> 0.24 | O12: =N12*Assumptions!$B$3 -> 2400 | P12: hardware-reference-downloads/M5StickC-Plus/official-product-page.pdf | Q12: low | R12: Estimate | S12: Not used by VibeStick firmware but present on stock design.
A13: CPLUS-012 | B13: Expansion | C13: HY2.0-4P Grove | D13: 1 | E13: Grove connector | F13: GND/5V/GPIO32/GPIO33 | G13: Connector | H13: Domestic RFQ | I13: 10000 | J13: 0.35 | K13: CNY | L13: 1 | M13: =J13*L13 -> 0.35 | N13: =D13*M13 -> 0.35 | O13: =N13*Assumptions!$B$3 -> 3500 | P13: hardware-reference-downloads/M5StickC-Plus/official-product-page.pdf | Q13: medium | R13: Estimate | S13: Include if matching stock M5Stack compatibility.
... A19: CPLUS-018 | B19: Packaging | C19: Retail/basic packaging | D19: 1 | E19: Packaging set | F19: Box/bag/manual/label | G19: Packaging | H19: Domestic RFQ | I19: 10000 | J19: 1 | K19: CNY | L19: 1 | M19: =J19*L19 -> 1 | N19: =D19*M19 -> 1 | O19: =N19*Assumptions!$B$3 -> 10000 | P19: hardware-reference-downloads/M5StickC-Plus/official-product-page.pdf | Q19: low | R19: Estimate | S19: Adjust to actual packaging standard.

Sheet Unresolved-RFQ
A1: Board | B1: Line | C1: Category | D1: RefDes / Group | E1: Part / MPN | F1: Spec | G1: UnitPriceNative | H1: Currency | I1: SourceURL | J1: Confidence | K1: PricingStatus | L1: Notes
A2: StickS3 | B2: S3-001 | C2: Main controller | D2: U2 | E2: ESP32-S3-PICO-1-N8R8 | F2: ESP32-S3 SiP, 8MB Flash + 8MB PSRAM, Wi-Fi/BLE | G2: 5.2 | H2: USD | I2: https://documentation.espressif.com/esp32-s3-pico-1_datasheet_en.pdf | J2: low | K2: RFQ estimate | L2: JLCPCB page found but showed unavailable and implausible placeholder pricing; use authorized distributor/RFQ before committing.
A3: StickS3 | B3: S3-002 | C3: Display | D3: LCD module | E3: 1.14 inch 135x240 ST7789 TFT | F3: IPS TFT, SPI, 135x240, ST7789-compatible | G3: 1 | H3: USD | I3: https://m.made-in-china.com/product/1-14-Inch-135X240-Spi-Interface-St7789-Driver-Color-Display-TFT-Screen-HD-IPS-LCD-Module-2052472795.html | J3: medium | K3: Public comparable | L3: Comparable 10k+ quote, not exact M5Stack LCD supplier.
A4: StickS3 | B4: S3-004 | C4: Microphone | D4: MIC | E4: MEMS microphone equivalent | F4: SNR 65 dB per official StickS3 spec | G4: 1.5 | H4: CNY | I4: hardware-reference-downloads/StickS3/official-product-page.pdf | J4: low | K4: RFQ estimate | L4: Official page gives SNR but not microphone MPN.
A5: StickS3 | B5: S3-005 | C5: Speaker amplifier | D5: U19 | E5: AW8737SCSR / AW8737 family | F5: Class-K audio amplifier | G5: 0.1454 | H5: USD | I5: https://www.lcsc.com/product-detail/C252446.html | J5: medium | K5: Public comparable | L5: Schematic label AW8737; exact suffix/package should be confirmed from PCB/BOM.
A6: StickS3 | B6: S3-006 | C6: Speaker | D6: SPK | E6: 2011 cavity speaker | F6: 8 ohm, 1 W | G6: 0.8 | H6: CNY | I6: hardware-reference-downloads/StickS3/official-product-page.pdf | J6: low | K6: RFQ estimate | L6: Exact acoustic supplier not public.
A7: StickS3 | B7: S3-008 | C7: PMIC | D7: PMIC / PY32L020F15U6 | E7: M5PM1 / PY32L020F15U6 | F7: M5Stack PMIC and power sequencer | G7: 4.5 | H7: CNY | I7: hardware-reference-downloads/StickS3/datasheet-M5PM1.pdf | J7: low | K7: RFQ estimate | L7: M5PM1 appears M5Stack-specific; exact sourcing requires RFQ.
A8: StickS3 | B8: S3-009 | C8: Battery | D8: BAT | E8: LiPo 250mAh pack | F8: 3.7V 250mAh with protection/lead | G8: 1 | H8: USD | I8: https://www.alibaba.com/product-detail/Small-lipo-602025-3-7V-250mAh_1600827095715.html | J8: medium | K8: Public comparable | L8: Connector/protection/UN38.3 requirements can materially change price.
A9: StickS3 | B9: S3-010 | C9: USB / connectors | D9: USBC | E9: USB Type-C receptacle | F9: Power/programming connector | G9: 0.35 | H9: CNY | I9: hardware-reference-downloads/StickS3/schematic-K150_Stick_S3_PRJ_V0.6.pdf | J9: medium | K9: Estimate | L9: Exact connector MPN not extracted from public schematic text.
A10: StickS3 | B10: S3-011 | C10: Buttons | D10: KEY1, KEY2, PWR | E10: Tact switch / side buttons | F10: Programmable buttons and power key | G10: 0.12 | H10: CNY | I10: hardware-reference-downloads/StickS3/schematic-K150_Stick_S3_PRJ_V0.6.pdf | J10: medium | K10: Estimate | L10: Qty from official functions and schematic overview.
A11: StickS3 | B11: S3-012 | C11: IR | D11: IR_TX, IR_RX | E11: IR LED / IR receiver | F11: Infrared transmit and receive | G11: 0.18 | H11: CNY | I11: hardware-reference-downloads/StickS3/official-product-page.pdf | J11: low | K11: Estimate | L11: Not used by VibeStick firmware but present on stock design.
A12: StickS3 | B12: S3-013 | C12: Expansion | D12: GROVE + HAT2 | E12: Grove HY2.0-4P + Hat2 header | F12: Expansion connectors | G12: 0.6 | H12: CNY | I12: hardware-reference-downloads/StickS3/official-product-page.pdf | J12: medium | K12: Estimate | L12: Include if matching stock M5Stack ecosystem compatibility.
A13: StickS3 | B13: S3-014 | C13: Power/protection/discrete ICs | D13: U1/U3/U4/U5/U7/U8/U9/U12/U13/U15 + Q/D/L | E13: Power tree group | F13: LDOs, boost, DCDC, charge, protection, MOSFETs, diodes, inductors | G13: 6 | H13: CNY | I13: hardware-reference-downloads/StickS3/schematic-K150_Stick_S3_PRJ_V0.6.pdf | J13: low | K13: Grouped estimate | L13: Grouped because public schematic lacks a clean production BOM export.
... A35: M5StickC-Plus | B35: CPLUS-018 | C35: Packaging | D35: Retail/basic packaging | E35: Packaging set | F35: Box/bag/manual/label | G35: 1 | H35: CNY | I35: hardware-reference-downloads/M5StickC-Plus/official-product-page.pdf | J35: low | K35: Estimate | L35: Adjust to actual packaging standard.

Sheet Sources
A1: Source | B1: What was used | C1: URL / Local path | D1: Pricing facts captured
A2: LCSC ESP32-PICO-D4 | B2: M5StickC Plus MCU public price | C2: https://www.lcsc.com/product-detail/C193707.html | D2: Search result showed price from $2.8935.
A3: LCSC ES8311 | B3: StickS3 codec public price | C3: https://www.lcsc.com/product-detail/Signal-Switches-Encoders-Decoders-Multiplexers_Everest-semi-Everest-Semiconductor-ES8311_C962342.html | D3: Search result showed price from $0.2741.
A4: LCSC BMI270 | B4: StickS3 IMU public price | C4: https://www.lcsc.com/product-detail/C2836813.html | D4: Search result showed 1000+ price $1.7866 and full reel 5000.
A5: LCSC BM8563 | B5: M5StickC Plus RTC public price | C5: https://www.lcsc.com/product-detail/C269877.html | D5: Search result showed 1000+ price $0.1176.
A6: JLCPCB SPM1423 | B6: M5StickC Plus microphone estimate | C6: https://jlcpcb.com/partdetail/Knowles-SPM1423HM4HB/C19730130 | D6: Search result showed estimated unit price $2.0373.
A7: LCSC AW8737 | B7: StickS3 speaker amp comparable | C7: https://www.lcsc.com/product-detail/C252446.html | D7: Search result showed price from $0.1454.
A8: Made-in-China LCD comparable | B8: 1.14 inch 135x240 ST7789 module | C8: https://m.made-in-china.com/product/1-14-Inch-135X240-Spi-Interface-St7789-Driver-Color-Display-TFT-Screen-HD-IPS-LCD-Module-2052472795.html | D8: Search result showed US$1.00 at 10,000+ pieces.
A9: Official StickS3 schematic | B9: Schematic and grouping basis | C9: hardware-reference-downloads/StickS3/schematic-K150_Stick_S3_PRJ_V0.6.pdf | D9: 4-page Altium PDF; no clean production BOM export.
A10: Official M5StickC Plus schematic | B10: Schematic and grouping basis | C10: hardware-reference-downloads/M5StickC-Plus/schematic-k016-p-StickC-Plus.pdf | D10: 1-page Altium PDF; no clean production BOM export.

Sheet Summary
A1: Metric | B1: StickS3 | C1: M5StickC Plus | D1: Notes
A2: BOM rows | B2: =COUNTA(StickS3!A2:A200) -> 20 | C2: =COUNTA('M5StickC-Plus'!A2:A200) -> 18 | D2: Number of cost lines, not schematic refdes count.
A3: Subtotal CNY / unit | B3: =SUM(StickS3!N2:N200) -> 95.564225 | C3: =SUM('M5StickC-Plus'!N2:N200) -> 81.3009 | D3: Before scrap/yield adder.
A4: Yield/scrap adder | B4: =B3*Assumptions!$B$5 -> 2.8669268 | C4: =C3*Assumptions!$B$5 -> 2.439027 | D4: Assumption-driven adder.
A5: Estimated CNY / unit | B5: =B3+B4 -> 98.431152 | C5: =C3+C4 -> 83.739927 | D5: Primary decision estimate.
A6: Estimated total CNY @10k | B6: =B5*Assumptions!$B$3 -> 984311.52 | C6: =C5*Assumptions!$B$3 -> 837399.27 | D6: Unit estimate times selected quantity.
A7: High confidence CNY / unit | B7: =SUMIF(StickS3!Q2:Q200,"high",StickS3!N2:N200) -> 14.940075 | C7: =SUMIF('M5StickC-Plus'!Q2:Q200,"high",'M5StickC-Plus'!N2:N200) -> 21.830475 | D7: Rows with public distributor price.
A8: Low/RFQ CNY / unit | B8: =B3-B7 -> 80.62415 | C8: =C3-C7 -> 59.470425 | D8: Amount that must be confirmed by RFQ or exact production BOM.
A9: Low/RFQ share | B9: =IFERROR(B8/B3,0) -> 0.84366456 | C9: =IFERROR(C8/C3,0) -> 0.73148544 | D9: Risk concentration.
A10: RFQ/estimate row count | B10: =COUNTIF(StickS3!R2:R200,"*RFQ*")+COUNTIF(StickS3!Q2:Q200,"low") -> 20 | C10: =COUNTIF('M5StickC-Plus'!R2:R200,"*RFQ*")+COUNTIF('M5StickC-Plus'!Q2:Q200,"low") -> 19 | D10: Rows needing supplier quote or exact MPN.
